slice_file_name,fold,classID,class
1TB3-XSom_A.wav,1,1,cry
2gZWXqZK18E.wav,1,1,cry
2mkJxj3uFP8.wav,1,1,cry
2mmXoqiCOcM.wav,1,1,cry
2mnn3rimUDY.wav,1,1,cry
2o_oXiLOXpg.wav,1,1,cry
2Q-wXTSc91g.wav,1,1,cry
2rsoaDigsyg.wav,1,1,cry
2tSLXPbJA7k.wav,1,1,cry
2u9uWvVgULk.wav,1,1,cry
2UyixlJ3lFM.wav,1,1,cry
2x43exdQ5bo.wav,1,1,cry
2YrdbClQARE.wav,1,1,cry
2YRktz9U1EQ.wav,1,1,cry
2yZ_mxf5Ccc.wav,1,1,cry
2_oKz5DlKb4.wav,1,1,cry
2_tfiISJ3VQ.wav,1,1,cry
3AQFAFy1RCw.wav,1,1,cry
3g18UxfiqjI.wav,1,1,cry
3gIWUjNtmHE.wav,1,1,cry
3hnHbVeSJNc.wav,1,1,cry
3ijkT9Ci4vI.wav,1,1,cry
3MJgyp7WbJ8.wav,1,1,cry
3n7sX00cTfc.wav,1,1,cry
3oohERgCUq4.wav,1,1,cry
3oS1DK_35z4.wav,1,1,cry
3P5WljUWDVo.wav,1,1,cry
3pf-rGZ8Kc8.wav,1,1,cry
3qUbjqwGIx8.wav,1,1,cry
3ujCBi8VbLc.wav,1,1,cry
3VUEqSpFZu0.wav,1,1,cry
3XJHBHuiF3Y.wav,1,1,cry
3YM1SLv7ZyE.wav,1,1,cry
3zM_vofZb8g.wav,1,1,cry
4-nUyWv5xEU.wav,1,1,cry
4Anj4Bzr0SY.wav,1,1,cry
4EK_G7Kn8yU.wav,1,1,cry
4fX-_LrvHF8.wav,1,1,cry
4i79R2ml0f0.wav,1,1,cry
4m0PwPU8NBw.wav,1,1,cry
4OeiSVS33Ng.wav,1,1,cry
4orMS_t1saU.wav,1,1,cry
4PYpHAr_6mM.wav,1,1,cry
4P_mI7FywCo.wav,1,1,cry
4V3TFiHFqDc.wav,1,1,cry
4VgXNzULMuc.wav,1,1,cry
4VkDJVQ0GfA.wav,1,1,cry
4xrFWU6Ir58.wav,1,1,cry
4YdbENYcIyE.wav,1,1,cry
5B7q58beW8M.wav,1,1,cry
5C7cpZeSXV8.wav,1,1,cry
5Di-iiqwx2s.wav,1,1,cry
5fKWiCTFZgk.wav,1,1,cry
5IcrCOfRA9s.wav,1,1,cry
5N7rMcT60J0.wav,1,1,cry
5Ow25-PAMJs.wav,1,1,cry
5R5Dqf2jDl8.wav,1,1,cry
5raM2ClzUng.wav,1,1,cry
5rEehWqwoEI.wav,1,1,cry
5rXvWzf3eXQ.wav,1,1,cry
5uGtVgIi2-c.wav,1,1,cry
5Unut8KldHk.wav,1,1,cry
5v7pr-IeVyA.wav,1,1,cry
5XAQtqdwHs4.wav,1,1,cry
5yj6DXJ3wXg.wav,1,1,cry
6A8fONXDUYQ.wav,1,1,cry
6ATurT-AdAc.wav,1,1,cry
6cudBf5rlNQ.wav,1,1,cry
6DLN8tVcGuE.wav,1,1,cry
6dmyeQrGZJM.wav,1,1,cry
6DTs2GTeo1c.wav,1,1,cry
6E9jd2Djqq8.wav,1,1,cry
6feHO-MMaKA.wav,1,1,cry
6fsYIJXZNNg.wav,1,1,cry
6ggHyHTn5b0.wav,1,1,cry
6JGMw5DKD_I.wav,1,1,cry
6JlKM9fzocE.wav,1,1,cry
6kL0CA9wkCE.wav,1,1,cry
6N58_kQIpyI.wav,1,1,cry
6oB4wa1DPXE.wav,1,1,cry
6Q--LUIIlk4.wav,1,1,cry
6RKHkrSZYcU.wav,1,1,cry
6rLw9Vz5drA.wav,1,1,cry
6tEm2u-Epr0.wav,1,1,cry
6UbLFNbvORg.wav,1,1,cry
6uHNeaA8zDo.wav,1,1,cry
6xNrzTzDmr8.wav,1,1,cry
6XOsBs2rZRg.wav,1,1,cry
6ZbaQq6XwYU.wav,1,1,cry
6zdlx7qVhaQ.wav,1,1,cry
7B7607sc-zs.wav,1,1,cry
7B9BmsA18mA.wav,1,1,cry
7FaLxRFKuW0.wav,1,1,cry
7gQ8I8m0gtI.wav,1,1,cry
7gVQ1tNN3gA.wav,1,1,cry
7GY6unKN38Q.wav,1,1,cry
7H-FFeToqpQ.wav,1,1,cry
7hVPgGM_lxQ.wav,1,1,cry
7I9ppq40LQk.wav,1,1,cry
7JCV2B6mbDo.wav,1,1,cry
7jk_2ZFlEG8.wav,1,1,cry
7jWAL3ASvtQ.wav,1,1,cry
7mah_ggL4us.wav,1,1,cry
7mpYh0htqDY.wav,1,1,cry
7mW0NmGMBHw.wav,1,1,cry
7nX3il85CB4.wav,1,1,cry
0Gj0gGPGlMA.wav,1,0,laugh
1gr_BhwBB6o.wav,1,0,laugh
2dBLvucCdj4.wav,1,0,laugh
2i82jVZy1pk.wav,1,0,laugh
2Sb7U9QFkPI.wav,1,0,laugh
2thZbFL5w64.wav,1,0,laugh
2URXBjrsgt0.wav,1,0,laugh
2VqKshkkHLU.wav,1,0,laugh
2VuKP6zZDDc.wav,1,0,laugh
2XRKxHfv1kQ.wav,1,0,laugh
2ZqInEYQDOM.wav,1,0,laugh
37hqUFpvl6A.wav,1,0,laugh
3amPNuu8pig.wav,1,0,laugh
3C9gbaFQJ1w.wav,1,0,laugh
3dh5bfCN4Hs.wav,1,0,laugh
3DylwGXXYWw.wav,1,0,laugh
3qFOzgoWALk.wav,1,0,laugh
3WQYwScCntc.wav,1,0,laugh
40WHgilHrlo.wav,1,0,laugh
45wAIX6_eCo.wav,1,0,laugh
46DhzA9MsEg.wav,1,0,laugh
4eOIP-P4HXQ.wav,1,0,laugh
4ijLeXCmQXg.wav,1,0,laugh
4Iy5ZcanjNM.wav,1,0,laugh
4jmv1XpnR90.wav,1,0,laugh
4u11s0GcLjw.wav,1,0,laugh
52y_0oUYQps.wav,1,0,laugh
54nBzImZPZM.wav,1,0,laugh
57kgQxOw8Hs.wav,1,0,laugh
57rX-_ti2ps.wav,1,0,laugh
5hAsOJwsUWY.wav,1,0,laugh
5XKAszJ9h8o.wav,1,0,laugh
678gnMfGT6g.wav,1,0,laugh
6AP5yfUvnho.wav,1,0,laugh
6bhEcBCMUBg.wav,1,0,laugh
6bMYzS5Ffro.wav,1,0,laugh
6b_twQlm1nI.wav,1,0,laugh
6DaAjyPOInQ.wav,1,0,laugh
6PjC9sMqGT0.wav,1,0,laugh
6sy6SC3XuMU.wav,1,0,laugh
6sYbxYnwmqk.wav,1,0,laugh
6WctaBD7JP0.wav,1,0,laugh
70Y4dls8VVg.wav,1,0,laugh
7D2OlsBVe40.wav,1,0,laugh
7fymQoOewBI.wav,1,0,laugh
7mPfOA21_UQ.wav,1,0,laugh
7tDk4Y0jztM.wav,1,0,laugh
7TZDBbCYZN0.wav,1,0,laugh
7XCSZi0rS5E.wav,1,0,laugh
7XwWyr1Bw9g.wav,1,0,laugh
7Yiab73gYw0.wav,1,0,laugh
8-kEKlKw_94.wav,1,0,laugh
86heG2pV2LM.wav,1,0,laugh
89LX6sBSLBk.wav,1,0,laugh
8AUSj84rIWM.wav,1,0,laugh
8BcfZcnSp0w.wav,1,0,laugh
8CyAd5NKlYg.wav,1,0,laugh
8E1D3O-4GvE.wav,1,0,laugh
8v9ggmYDE7I.wav,1,0,laugh
8zAm7HSenSQ.wav,1,0,laugh
90-X2HBXZsg.wav,1,0,laugh
9016-570w8s.wav,1,0,laugh
9cv0DTiW5ho.wav,1,0,laugh
9ESGjQB0AXg.wav,1,0,laugh
9kFZhnbKUXo.wav,1,0,laugh
9Mecstt0Fx4.wav,1,0,laugh
A2VKrhHv3R8.wav,1,0,laugh
a99GrFKHcWo.wav,1,0,laugh
a9b-A21adA4.wav,1,0,laugh
Ad4ze1PME68.wav,1,0,laugh
AeVM0K5VHYI.wav,1,0,laugh
AK9paigQCcA.wav,1,0,laugh
AL-0FbGu6YA.wav,1,0,laugh
amaJKBdFy3w.wav,1,0,laugh
aoc6Q-fsTKg.wav,1,0,laugh
As-ZAAIRqVE.wav,1,0,laugh
ASA4EbvCVY4.wav,1,0,laugh
AUuZYQpKvPE.wav,1,0,laugh
ax6LijbFKyE.wav,1,0,laugh
AZJozhB8nUI.wav,1,0,laugh
aZLD-VRuBo8.wav,1,0,laugh
b0PAqWWQI7c.wav,1,0,laugh
b3me0D5mgf0.wav,1,0,laugh
B7ilnnQu2ik.wav,1,0,laugh
baXhHX9xKuY.wav,1,0,laugh
Beg79kXQBRo.wav,1,0,laugh
beQuYXdbAIY.wav,1,0,laugh
bgPABUZA8Mk.wav,1,0,laugh
blOZ9wPamoo.wav,1,0,laugh
BpFBJtxcKws.wav,1,0,laugh
BpUDSH5vxTU.wav,1,0,laugh
bpwsd9wZiKk.wav,1,0,laugh
BQ1V_ImlYYE.wav,1,0,laugh
brkJuQkhd0s.wav,1,0,laugh
b_lTB8FPffk.wav,1,0,laugh
_540cGuw2H0.wav,1,0,laugh
_8DVd3NKuTA.wav,1,0,laugh
_cQe1A1xmd4.wav,1,0,laugh
_D4kTqhXfew.wav,1,0,laugh
_jEiXxvBQp0.wav,1,0,laugh
_nbpEdv5Zg8.wav,1,0,laugh
_p1Q1qCfXrQ.wav,1,0,laugh
_QBgP0QUL8Y.wav,1,0,laugh
_qQcNnPR-fE.wav,1,0,laugh
_QWTQcdmovU.wav,1,0,laugh
_Ya9PYJRLmU.wav,1,0,laugh
38ifl-DBpBQ.wav,2,1,cry
38j6UWcIJvk.wav,2,1,cry
39rnKyOtss4.wav,2,1,cry
40Y08_q9WcU.wav,2,1,cry
41JNauxo3N8.wav,2,1,cry
41uAC_bn4XU.wav,2,1,cry
441swIz0wuM.wav,2,1,cry
44Z8qGtzwEE.wav,2,1,cry
49fBTwgIees.wav,2,1,cry
49SBSn_Vbn8.wav,2,1,cry
52rSWTs3zGk.wav,2,1,cry
54TUIAhPjM0.wav,2,1,cry
580fTacikqk.wav,2,1,cry
58h7aBTIhBs.wav,2,1,cry
58ZdkyG3As4.wav,2,1,cry
59D_uUSLNQc.wav,2,1,cry
600A47_b9i4.wav,2,1,cry
65vGuUK7sPs.wav,2,1,cry
67DFTWzhwvY.wav,2,1,cry
67hCD035BNo.wav,2,1,cry
69U6k7xCGbI.wav,2,1,cry
709SwCIcLF4.wav,2,1,cry
73phKdahss8.wav,2,1,cry
74RLHhoTEnI.wav,2,1,cry
74VQWcrpNds.wav,2,1,cry
76FDHAAf6ag.wav,2,1,cry
78yrwc9y1ik.wav,2,1,cry
794CLziIitU.wav,2,1,cry
7obYklU0KQM.wav,2,1,cry
7qELBricr4Q.wav,2,1,cry
7udxkDLjvz4.wav,2,1,cry
7Xudm_Xelq4.wav,2,1,cry
7YRI4sPzBs4.wav,2,1,cry
7zWjLi0yhyc.wav,2,1,cry
83e-DCkTg7Y.wav,2,1,cry
847vzyiJDLA.wav,2,1,cry
85aZxYO8Jo0.wav,2,1,cry
8AVztYoEXkY.wav,2,1,cry
8bAaAIVBC9k.wav,2,1,cry
8DGFEBIJhxA.wav,2,1,cry
8ehiAgYMvlg.wav,2,1,cry
8eptHUQnHj8.wav,2,1,cry
8eQs8yy6b2Q.wav,2,1,cry
8gdeQjjVh7A.wav,2,1,cry
8JN11gl_3xQ.wav,2,1,cry
8L6AX8xepUI.wav,2,1,cry
8lJhwGR7izQ.wav,2,1,cry
8Mv_svNZKhE.wav,2,1,cry
8NyyKliIN74.wav,2,1,cry
8pWmF80l5Vg.wav,2,1,cry
8tn8CnP4MTs.wav,2,1,cry
8TyDGOwqO5c.wav,2,1,cry
8VZs-wTEuCE.wav,2,1,cry
8zPfyQQ5ARs.wav,2,1,cry
8_xdWIziFpI.wav,2,1,cry
90duOzZQ-qo.wav,2,1,cry
912TBjGNzUg.wav,2,1,cry
95IwZrlK2GU.wav,2,1,cry
9cTN8rkA-oY.wav,2,1,cry
9EIPbIexzQ4.wav,2,1,cry
9eKLLJD-FJM.wav,2,1,cry
9F3sutgYTvo.wav,2,1,cry
9hos2rBABmw.wav,2,1,cry
9jYy-LdBOlU.wav,2,1,cry
9MDokkfGnFk.wav,2,1,cry
9M_vCW_i00A.wav,2,1,cry
9NMQT5oXy38.wav,2,1,cry
9nwPHX0NlUQ.wav,2,1,cry
9OoT1p2lEPQ.wav,2,1,cry
9pfFSRdPDUc.wav,2,1,cry
9pm6GhEiWvs.wav,2,1,cry
9pO5C-uMvko.wav,2,1,cry
9WmtuSId8z8.wav,2,1,cry
9xls_sIJ_s8.wav,2,1,cry
9zhMmwzMfXw.wav,2,1,cry
A2kNjqc0970.wav,2,1,cry
A4uhOYFIovc.wav,2,1,cry
AcgmkVK8BIc.wav,2,1,cry
AhXP21DcB2A.wav,2,1,cry
Ai5-3x_azS0.wav,2,1,cry
Aihz9N4GpJ4.wav,2,1,cry
AitTLbJrsPM.wav,2,1,cry
Aivsx1IQTII.wav,2,1,cry
AjsOw7frSvA.wav,2,1,cry
AKbhQuZUfII.wav,2,1,cry
Alf1MS6hROI.wav,2,1,cry
AoIQX-AJT20.wav,2,1,cry
AqHDvfZvFqo.wav,2,1,cry
AQQms8aTJsw.wav,2,1,cry
Awd2KYfhAoA.wav,2,1,cry
AxVHwYTQsaw.wav,2,1,cry
AYTRKkDJAQM.wav,2,1,cry
b0lCe7u0aD4.wav,2,1,cry
B2rNzjbgbDg.wav,2,1,cry
B5o92a7gqog.wav,2,1,cry
B63zOIu-NPw.wav,2,1,cry
b-XBWHiuSio.wav,2,0,laugh
b0PAqWWQI7c.wav,2,0,laugh
b3me0D5mgf0.wav,2,0,laugh
B7ilnnQu2ik.wav,2,0,laugh
baXhHX9xKuY.wav,2,0,laugh
Beg79kXQBRo.wav,2,0,laugh
beQuYXdbAIY.wav,2,0,laugh
bgPABUZA8Mk.wav,2,0,laugh
blOZ9wPamoo.wav,2,0,laugh
BpFBJtxcKws.wav,2,0,laugh
BpUDSH5vxTU.wav,2,0,laugh
bpwsd9wZiKk.wav,2,0,laugh
BQ1V_ImlYYE.wav,2,0,laugh
brkJuQkhd0s.wav,2,0,laugh
BRtGk2YmdJ0.wav,2,0,laugh
bTvnntIgrVQ.wav,2,0,laugh
BUWWY_qJUDM.wav,2,0,laugh
bV8qnp-Vos8.wav,2,0,laugh
bwrvVDnCXFE.wav,2,0,laugh
C5kmOK_l4jc.wav,2,0,laugh
caO807ZkzTs.wav,2,0,laugh
CINuh1cUWIY.wav,2,0,laugh
cKwUXSguGJ4.wav,2,0,laugh
cL5zgrlRceI.wav,2,0,laugh
CMpGZumnWRk.wav,2,0,laugh
CnqEQtUHZbo.wav,2,0,laugh
CorFlN5cuf4.wav,2,0,laugh
CoU--V817p4.wav,2,0,laugh
cQeNLjYQgoA.wav,2,0,laugh
cr0GiZr0TNY.wav,2,0,laugh
CV-e4j8BcTY.wav,2,0,laugh
cyQjfuQVSdo.wav,2,0,laugh
D2-Rg8oftng.wav,2,0,laugh
d8WQjCsgckw.wav,2,0,laugh
DGGmJUd8a70.wav,2,0,laugh
DlK33z82-Ak.wav,2,0,laugh
DNRAtEjQQjY.wav,2,0,laugh
dt5cujSzIvc.wav,2,0,laugh
DTHjyhx9tLE.wav,2,0,laugh
DzBk5VyuobA.wav,2,0,laugh
E0CaC-gyAuo.wav,2,0,laugh
E0pr-j4vARM.wav,2,0,laugh
ebq8ROjY1FM.wav,2,0,laugh
EduyXGoXoB4.wav,2,0,laugh
eE1ZcHKjpSo.wav,2,0,laugh
eewcPSj0RT0.wav,2,0,laugh
Eg8L23G6xrg.wav,2,0,laugh
eIq0Mkvrc7I.wav,2,0,laugh
ekmvk4NL6tg.wav,2,0,laugh
elVNZHiP9oA.wav,2,0,laugh
eN5WDfSUvLQ.wav,2,0,laugh
eQhEi7-onXw.wav,2,0,laugh
eqiRoRrh6gI.wav,2,0,laugh
eqOD_60nLOI.wav,2,0,laugh
esn6p9YCKCE.wav,2,0,laugh
ETn6CUxtQeE.wav,2,0,laugh
evmMzwES6bY.wav,2,0,laugh
EyBd9s1G3lw.wav,2,0,laugh
fAk2vdk9s7A.wav,2,0,laugh
FcPaxEeaGJE.wav,2,0,laugh
fCroxVB8LrM.wav,2,0,laugh
fKSUaPHV8Zk.wav,2,0,laugh
flJI_IW5-jM.wav,2,0,laugh
fmML5tlw5Z0.wav,2,0,laugh
fNlxlPvqLmw.wav,2,0,laugh
fQ4a_uttGCE.wav,2,0,laugh
fRjOLbr_ccU.wav,2,0,laugh
FUrdx1km6Lw.wav,2,0,laugh
fwp2AppO1sU.wav,2,0,laugh
FzWvQ367WL8.wav,2,0,laugh
g_pB0E3kQ2g.wav,2,0,laugh
B-JwPz1wcqM.wav,3,1,cry
B77DiGXFOtk.wav,3,1,cry
BC_xhyrWjBY.wav,3,1,cry
BGrWWoQaNXA.wav,3,1,cry
BGxO2zGGWZE.wav,3,1,cry
BI9iK5HIWEY.wav,3,1,cry
diQMxBYNHH4.wav,3,1,cry
EpOxIPicC7U.wav,3,1,cry
ESM5iFLydek.wav,3,1,cry
eXkDr7HlT0k.wav,3,1,cry
f3vRQc2w_Nk.wav,3,1,cry
g0QwjI34YHg.wav,3,1,cry
hhM7pEOpEAo.wav,3,1,cry
i0Vdqv4km54.wav,3,1,cry
i1TuCYXJaRo.wav,3,1,cry
i2kPkT_cRpo.wav,3,1,cry
i7OFKaVw_zM.wav,3,1,cry
iDGMsl23IK8.wav,3,1,cry
iDsTJlwRUCQ.wav,3,1,cry
iFh75GeiXPw.wav,3,1,cry
iFVi7Cbp2Cw.wav,3,1,cry
igUQXchUmTM.wav,3,1,cry
iinnPW0N3bI.wav,3,1,cry
ikyuvMEe1Bw.wav,3,1,cry
IlcfrqcH7tE.wav,3,1,cry
ioF2iqbWBnE.wav,3,1,cry
ioXv_pFo84w.wav,3,1,cry
iSL1kFKgbW8.wav,3,1,cry
iT25GmRPwI0.wav,3,1,cry
iWIWfU9xgKc.wav,3,1,cry
ixDGtfhxarY.wav,3,1,cry
izsN-w3fFhA.wav,3,1,cry
j0iLxr4wQDA.wav,3,1,cry
j6438nY9ZK4.wav,3,1,cry
j8MoorB6Klk.wav,3,1,cry
jcA4jseV20E.wav,3,1,cry
jCWFJDMXnCc.wav,3,1,cry
jfisdZUvbLw.wav,3,1,cry
jH2WvRwnIOU.wav,3,1,cry
jlmzfFSmjY0.wav,3,1,cry
jmTwDCJDNUU.wav,3,1,cry
jOQNSWwmSns.wav,3,1,cry
jPoaUQ6y1YA.wav,3,1,cry
jreY9ijQg7Q.wav,3,1,cry
jRSpcNegb-0.wav,3,1,cry
Js41esZyKUM.wav,3,1,cry
jSmZxpVwKIo.wav,3,1,cry
jTAEclniROw.wav,3,1,cry
jtMmwfxDEKA.wav,3,1,cry
jvAiYo1Ef14.wav,3,1,cry
jvsbHaRPs_g.wav,3,1,cry
jxP3t7WSJ8E.wav,3,1,cry
jZNdsbYKsDg.wav,3,1,cry
jZSeTLrmO9U.wav,3,1,cry
j_aVX9afWDo.wav,3,1,cry
k0LgXvRahxc.wav,3,1,cry
k1QWdE5bFZI.wav,3,1,cry
k50-w-VFmu8.wav,3,1,cry
k5rGj-AeWQ4.wav,3,1,cry
kcWhqeNl5KI.wav,3,1,cry
kdn70kLrVOc.wav,3,1,cry
kDnXMknXWcY.wav,3,1,cry
kdYPgR0uz_Q.wav,3,1,cry
kDYPkJROyys.wav,3,1,cry
kfSqXa5xQlo.wav,3,1,cry
kHvVykLUKrk.wav,3,1,cry
kicDBt4_9Ew.wav,3,1,cry
kjMyAF6z-lc.wav,3,1,cry
kNJfrX5JEu8.wav,3,1,cry
kogl199Awl0.wav,3,1,cry
kpoDBzcWeSU.wav,3,1,cry
ksVx6LfvFjs.wav,3,1,cry
kW8oRl3ZO3M.wav,3,1,cry
kZv_vDgMnv0.wav,3,1,cry
l0drdxSOlCM.wav,3,1,cry
l1jR6VSu5WY.wav,3,1,cry
l1oSUpZvMNs.wav,3,1,cry
l4Qyblf48gM.wav,3,1,cry
l6p37_jdeuM.wav,3,1,cry
l7_OsTk1GgY.wav,3,1,cry
lBpNMkwajOE.wav,3,1,cry
lcI0osD78U8.wav,3,1,cry
lh8-ikAO73M.wav,3,1,cry
G089sqVaB00.wav,3,0,laugh
G3SFVKf_jNk.wav,3,0,laugh
g6pWRjFN1N4.wav,3,0,laugh
gaaVQc_Y1PE.wav,3,0,laugh
gC7yCsD01yw.wav,3,0,laugh
GEoZoRyYc1Q.wav,3,0,laugh
GEPjYPKuUR8.wav,3,0,laugh
Gf2xgs3ZrfE.wav,3,0,laugh
gflxubunxyk.wav,3,0,laugh
gODO5JO0r2U.wav,3,0,laugh
GrOc3L3EB8k.wav,3,0,laugh
H28VuSjNB-g.wav,3,0,laugh
h6AWxH5yZu0.wav,3,0,laugh
hb9MFx_of-0.wav,3,0,laugh
hCoIUoK9xIg.wav,3,0,laugh
HDAyQJv4iZQ.wav,3,0,laugh
HhSeS_Tqn9Q.wav,3,0,laugh
hJ5Zo8Lvkz4.wav,3,0,laugh
HlGHsjUC2lg.wav,3,0,laugh
hLoSHKoagFU.wav,3,0,laugh
hmqHKLHLJ8E.wav,3,0,laugh
hOFGbJZ5aA8.wav,3,0,laugh
HpwCs7Gnc24.wav,3,0,laugh
HslqglM6w2U.wav,3,0,laugh
HsYAvHORt7M.wav,3,0,laugh
HwXzxuv-tuQ.wav,3,0,laugh
i3ulACxAkvU.wav,3,0,laugh
I3_xcrFdi4M.wav,3,0,laugh
I9oECgVLHOs.wav,3,0,laugh
iaGeGqCEsJI.wav,3,0,laugh
Icy8HeqnwKo.wav,3,0,laugh
ieDsgL16HTY.wav,3,0,laugh
iFboXys-QHQ.wav,3,0,laugh
ij9ZJVb80oo.wav,3,0,laugh
InCDjnUcROI.wav,3,0,laugh
iP1nDm6oex8.wav,3,0,laugh
iR6h8QUQHCs.wav,3,0,laugh
ItRCa5RJBX8.wav,3,0,laugh
iXNnJE6gNEk.wav,3,0,laugh
j0Z7havvDEE.wav,3,0,laugh
J4VmI6wWzIg.wav,3,0,laugh
j8YAsL5u_IY.wav,3,0,laugh
jbaZyROpitQ.wav,3,0,laugh
jD9m-fiE6bw.wav,3,0,laugh
JF0t2sjl1Ow.wav,3,0,laugh
jfRiWD8omOs.wav,3,0,laugh
jFYb9lnYYfM.wav,3,0,laugh
jgLdhhsiMZo.wav,3,0,laugh
jHj1JhZGxuI.wav,3,0,laugh
JNfvVNgDmT8.wav,3,0,laugh
jnqLR6zkAo8.wav,3,0,laugh
jOFRh0SNY68.wav,3,0,laugh
JowRAi5YGi4.wav,3,0,laugh
jSDQGILborg.wav,3,0,laugh
jTZLm9zHaKg.wav,3,0,laugh
jV3fTTkgR5Y.wav,3,0,laugh
jWHl6AsFfVU.wav,3,0,laugh
Jxhsq-9YSA0.wav,3,0,laugh
jyAVwXhbR5g.wav,3,0,laugh
k4GjJ02IHcs.wav,3,0,laugh
kdnFxhQ1AaE.wav,3,0,laugh
kE6P9FI6uKM.wav,3,0,laugh
kGA7MEPfO-4.wav,3,0,laugh
kInl1lquBpA.wav,3,0,laugh
KLUS3C6ry30.wav,3,0,laugh
KmAuHfr1JqE.wav,3,0,laugh
krVVC45OZ0I.wav,3,0,laugh
KuPTlnhDHsI.wav,3,0,laugh
KwiSnqxMzz8.wav,3,0,laugh
kwRiH4GkYgI.wav,3,0,laugh
kXkZeZo1tkg.wav,3,0,laugh
kykRU_67e94.wav,3,0,laugh
k_Z0PcD8Z94.wav,3,0,laugh
ljpJGE3MtaQ.wav,4,1,cry
lKq3h7Lukas.wav,4,1,cry
lM-vvdglD2o.wav,4,1,cry
lmcPFDI9F5U.wav,4,1,cry
lpy2p56GopY.wav,4,1,cry
lsqVGBl1HpE.wav,4,1,cry
ltSU9tLKl0I.wav,4,1,cry
lWQKitl_Wv4.wav,4,1,cry
lxiNkf_wMHM.wav,4,1,cry
lYGmbGmsalE.wav,4,1,cry
m6svcmId9OM.wav,4,1,cry
m9mB_Hb_Ti0.wav,4,1,cry
mbmQvlXUxDE.wav,4,1,cry
mbzFWf6VdbM.wav,4,1,cry
mC6jQVjEAXI.wav,4,1,cry
mcf6eup1g3w.wav,4,1,cry
mdyaFNH5XNw.wav,4,1,cry
mfCMOxnFhLU.wav,4,1,cry
mfs7Ik0oss4.wav,4,1,cry
mHnvikXi1HI.wav,4,1,cry
mhWoN_JxiPQ.wav,4,1,cry
mkLhjGwUlGU.wav,4,1,cry
mMr5ANqO9TU.wav,4,1,cry
mNUYp3SIlQ8.wav,4,1,cry
mRPZ84Ich-s.wav,4,1,cry
mthujJXQe3E.wav,4,1,cry
mTuXzXFGTk8.wav,4,1,cry
mVi8a4U-uJY.wav,4,1,cry
mVXDO5bLgXQ.wav,4,1,cry
mWraHr0J0Xc.wav,4,1,cry
mxunIwAxE-o.wav,4,1,cry
n3-2OCzHPlE.wav,4,1,cry
n4deqhpE4ro.wav,4,1,cry
napg2ZcUQLI.wav,4,1,cry
nBEZwhelw-Q.wav,4,1,cry
nBniWl30Rr4.wav,4,1,cry
nbr3kCid6nA.wav,4,1,cry
nCCl2juEIWU.wav,4,1,cry
nDGTPgRtFws.wav,4,1,cry
nFl5qkWZGy4.wav,4,1,cry
nfyk7YN525Q.wav,4,1,cry
niEkcwBWYAQ.wav,4,1,cry
nIT6Wk8SnHw.wav,4,1,cry
NLNo9hvgWKs.wav,4,1,cry
nO18IGg9bw8.wav,4,1,cry
noDNYBZOkSE.wav,4,1,cry
nP-TnwYonlc.wav,4,1,cry
NQddcOXRcmI.wav,4,1,cry
nsDs_IU1ccI.wav,4,1,cry
nUPYC5hMfy4.wav,4,1,cry
nwAJs1T0jt0.wav,4,1,cry
nxDRz7ZMfuY.wav,4,1,cry
nYpQlXsdaxg.wav,4,1,cry
nZpGme3wAO4.wav,4,1,cry
nZug00_eZ9U.wav,4,1,cry
o-gzeVW3lk4.wav,4,1,cry
o-tyNYlGB7E.wav,4,1,cry
o-U4AuZE0r4.wav,4,1,cry
o3AgaoXvJ1g.wav,4,1,cry
o5kpl8kO8lI.wav,4,1,cry
o7zB7HBVTP0.wav,4,1,cry
o9qG2-AtojU.wav,4,1,cry
obq24REqtkk.wav,4,1,cry
oCMds_2C13s.wav,4,1,cry
oDiOfjsKWy4.wav,4,1,cry
oh36jTV7sxk.wav,4,1,cry
ojFZCfUaeoM.wav,4,1,cry
oJzYKKJTvW8.wav,4,1,cry
okibj-fY2As.wav,4,1,cry
oNFOvzOc3Es.wav,4,1,cry
oOBjz1ShZT8.wav,4,1,cry
oqkgoPSYoWs.wav,4,1,cry
osqAITHT1mQ.wav,4,1,cry
ostd6VihluM.wav,4,1,cry
oUeQhZHjhac.wav,4,1,cry
OuGic_IXSaA.wav,4,1,cry
ov12VOl3u2o.wav,4,1,cry
ovA3hp1dcDA.wav,4,1,cry
oz_3538f6KE.wav,4,1,cry
p6ZaFK0pFzg.wav,4,1,cry
pB2-3ax9F_o.wav,4,1,cry
pbO7OL-DFiw.wav,4,1,cry
pcbqRHFYEHc.wav,4,1,cry
pD4Z7TjghDA.wav,4,1,cry
pD741EDWwDM.wav,4,1,cry
pDjz8w6NY80.wav,4,1,cry
pEw2kPp9a8Y.wav,4,1,cry
pg4HbzuxCIE.wav,4,1,cry
pIbmT2LDekU.wav,4,1,cry
pjs71n72xYM.wav,4,1,cry
pKdEFQhs__U.wav,4,1,cry
pP0fJ64QFHE.wav,4,1,cry
pPdNaE-ucu0.wav,4,1,cry
pt1-XquVnN8.wav,4,1,cry
pu8KFBgS4ZE.wav,4,1,cry
pXCbxTBJTnI.wav,4,1,cry
pYsT6PjPaFY.wav,4,1,cry
q2-Xl6CkhDQ.wav,4,1,cry
q3En0PMapAg.wav,4,1,cry
q4ZtWC2GITI.wav,4,1,cry
q8O1tWY3t9s.wav,4,1,cry
q9egEQ18sxM.wav,4,1,cry
q9jE110qYIM.wav,4,1,cry
q9UMXSBqmos.wav,4,1,cry
qc8n-R16jqI.wav,4,1,cry
qgL6wJa37qM.wav,4,1,cry
qK4ag_CDBq4.wav,4,1,cry
qKcoXEgBHM4.wav,4,1,cry
qlH9XG3Gbmo.wav,4,1,cry
qlkN4tCN37o.wav,4,1,cry
qMbGFWz9who.wav,4,1,cry
qmx4Y6GkzQI.wav,4,1,cry
k4GjJ02IHcs.wav,4,0,laugh
kdnFxhQ1AaE.wav,4,0,laugh
kE6P9FI6uKM.wav,4,0,laugh
kGA7MEPfO-4.wav,4,0,laugh
kInl1lquBpA.wav,4,0,laugh
KLUS3C6ry30.wav,4,0,laugh
KmAuHfr1JqE.wav,4,0,laugh
krVVC45OZ0I.wav,4,0,laugh
KuPTlnhDHsI.wav,4,0,laugh
KwiSnqxMzz8.wav,4,0,laugh
kwRiH4GkYgI.wav,4,0,laugh
kXkZeZo1tkg.wav,4,0,laugh
kykRU_67e94.wav,4,0,laugh
KZhSh9lwAoI.wav,4,0,laugh
KZvdxCXpMcY.wav,4,0,laugh
l08Nz9qlbIE.wav,4,0,laugh
L162DrAbH3g.wav,4,0,laugh
lCGEittF80c.wav,4,0,laugh
LDq0h23coDU.wav,4,0,laugh
LggsuCtGajU.wav,4,0,laugh
LitaFzObEEk.wav,4,0,laugh
LJq-5ezB4CY.wav,4,0,laugh
LjTgTrETuPA.wav,4,0,laugh
llboC9cnHZQ.wav,4,0,laugh
lOxaGG8QAhQ.wav,4,0,laugh
lrc34Vwal5k.wav,4,0,laugh
LsqusWNH-V0.wav,4,0,laugh
LTHcFJdkiHQ.wav,4,0,laugh
LvpgSdHLuCY.wav,4,0,laugh
M-Raz1O_DeM.wav,4,0,laugh
m2OBZqJ8qgI.wav,4,0,laugh
m5UzW4ol8-E.wav,4,0,laugh
M6Vp46CNO8M.wav,4,0,laugh
m732kHViRC0.wav,4,0,laugh
mg546ucwci0.wav,4,0,laugh
mHsq8CQryyU.wav,4,0,laugh
Mo-Z_28McaI.wav,4,0,laugh
MqvjPZwcFao.wav,4,0,laugh
MrewdxnbM2c.wav,4,0,laugh
MrIfjRInMLU.wav,4,0,laugh
mTGxgXC-WuA.wav,4,0,laugh
MWz9Ge6ol54.wav,4,0,laugh
MzGp9Hfbhlk.wav,4,0,laugh
N-jJCxh7tqI.wav,4,0,laugh
N0RMZy1TcNE.wav,4,0,laugh
N1nDtYgpppI.wav,4,0,laugh
n1PqEEGJgOY.wav,4,0,laugh
N3_Pyp1stAE.wav,4,0,laugh
N79HbPQPq_g.wav,4,0,laugh
NaKZ0NuMlPU.wav,4,0,laugh
nCv5z9NuCng.wav,4,0,laugh
nc_35m5WmRM.wav,4,0,laugh
nesS0d_hvUo.wav,4,0,laugh
nEUCtq5PkMs.wav,4,0,laugh
nGb-w3L9QX4.wav,4,0,laugh
nG_MiPR4qbY.wav,4,0,laugh
nI9ftKQGx70.wav,4,0,laugh
NkEhR12LUsM.wav,4,0,laugh
nLWTkhEy9XE.wav,4,0,laugh
NN16xoDnGpo.wav,4,0,laugh
NoOEjmc6mBA.wav,4,0,laugh
NPn6c2LcMkQ.wav,4,0,laugh
NPSrSRwuz3Y.wav,4,0,laugh
nSQgvyQHa9Y.wav,4,0,laugh
NtrhGuE0y64.wav,4,0,laugh
nvzkJriRlZQ.wav,4,0,laugh
NyE1NY8TFnE.wav,4,0,laugh
nzEo59X-j10.wav,4,0,laugh
o0eeuJlK__k.wav,4,0,laugh
o0IR0rXQVu8.wav,4,0,laugh
O1wEumOtzEw.wav,4,0,laugh
O4sAop-5kIs.wav,4,0,laugh
o4Z9DJi8AJo.wav,4,0,laugh
o8LPsj3hgPc.wav,4,0,laugh
oaKjgVILwDw.wav,4,0,laugh
ocNHPhhUUus.wav,4,0,laugh
OKRVO1q8Lik.wav,4,0,laugh
OL6K5u63LWc.wav,4,0,laugh
oNDU03wp3FE.wav,4,0,laugh
OOX_Pf-aIoQ.wav,4,0,laugh
OQwzQLvGJkI.wav,4,0,laugh
ORbg5kc4Xyg.wav,4,0,laugh
Owf98ksVwhM.wav,4,0,laugh
OWnUAFNYHx8.wav,4,0,laugh
p95rtHcQ528.wav,4,0,laugh
Pa4K9xb7Qa8.wav,4,0,laugh
pe0tH9s0DL0.wav,4,0,laugh
pe78YyFACLA.wav,4,0,laugh
pg46E45aijY.wav,4,0,laugh
PiR5NZJgdHA.wav,4,0,laugh
pj3-YgklaOI.wav,4,0,laugh
PKSesKWpQm8.wav,4,0,laugh
pL08pJYxNUI.wav,4,0,laugh
pNOfxDIGTbs.wav,4,0,laugh
pQxXcp55M3Q.wav,4,0,laugh
pT-UzPmDIpA.wav,4,0,laugh
pUQg7Hok_38.wav,4,0,laugh
pvBIOAXIAeU.wav,4,0,laugh
PZ1jCV5xThk.wav,4,0,laugh
q8BoTGixCYM.wav,4,0,laugh
qFeiVFkgXRc.wav,4,0,laugh
qGz8KEtJ1kI.wav,4,0,laugh
qIIUZUHMpao.wav,4,0,laugh
qil2riPbM_k.wav,4,0,laugh
QlcjMEYl8sE.wav,4,0,laugh
qLL5RA4UAR8.wav,4,0,laugh
qmJapRDnXrQ.wav,4,0,laugh
qNjH5ihchlk.wav,4,0,laugh
QrJ3q0Qa3zE.wav,4,0,laugh
qRtq46Q5XI8.wav,4,0,laugh
R3U_bjnVyHo.wav,4,0,laugh
RB44EBCHQig.wav,4,0,laugh
RBamb1HJweg.wav,4,0,laugh
rcFtQd9Rv1k.wav,4,0,laugh
rcHDUVRMjwU.wav,4,0,laugh
RerfgviIZGk.wav,4,0,laugh
rFwxCYnVv5A.wav,4,0,laugh
rHjCq6n-BDI.wav,4,0,laugh
riCAT2iy1HY.wav,4,0,laugh
RLiHf1zIuXY.wav,4,0,laugh
rmOLDsHfnvw.wav,4,0,laugh
RNCAx2YrngQ.wav,4,0,laugh
rndDN7MLCGs.wav,4,0,laugh
qSzEMUpC8aI.wav,5,1,cry
qvZ7zrPjbQY.wav,5,1,cry
qWKyksHelmw.wav,5,1,cry
qyjPEH95pNA.wav,5,1,cry
qyrrz3-Dl-A.wav,5,1,cry
r1FjBNropJ4.wav,5,1,cry
r2FOVtt5zF4.wav,5,1,cry
r3EmjQAV4Iw.wav,5,1,cry
rAzougfCv48.wav,5,1,cry
rH5fuFuslMc.wav,5,1,cry
rhRrboWtlH4.wav,5,1,cry
rIZ3K4xqTPA.wav,5,1,cry
rMpb4jIe8FY.wav,5,1,cry
rmUiuNs5zXo.wav,5,1,cry
rQspuzS5jMs.wav,5,1,cry
rr3pp6A7UYM.wav,5,1,cry
rsK8tPsXcrc.wav,5,1,cry
rTgFsgUh7dM.wav,5,1,cry
rTposRlo-_A.wav,5,1,cry
rTsGeNI9SXg.wav,5,1,cry
rvszOEeqViE.wav,5,1,cry
rXdVqLmqFOk.wav,5,1,cry
s1fxGZUobaw.wav,5,1,cry
s39JEyak2GQ.wav,5,1,cry
s6hR7qOUJt4.wav,5,1,cry
s7nedv0QgWM.wav,5,1,cry
s7XMFO-wSNw.wav,5,1,cry
s9r9dInRG2g.wav,5,1,cry
sA22C30ghRg.wav,5,1,cry
sb9HK80itus.wav,5,1,cry
sBTkSt9anz0.wav,5,1,cry
sfO3MwrzbZ8.wav,5,1,cry
sFo9m4ZLlgU.wav,5,1,cry
sGITY58yTRQ.wav,5,1,cry
sh92-75RR3E.wav,5,1,cry
siEhzf9cop8.wav,5,1,cry
sJejJ6nVT80.wav,5,1,cry
sk4HgMq8l5E.wav,5,1,cry
sM9e90vhUIA.wav,5,1,cry
smDKStoHBJo.wav,5,1,cry
snYCCJjJaAs.wav,5,1,cry
sNY_HeMbyQc.wav,5,1,cry
svmqvZP5TLY.wav,5,1,cry
syOwE3DFE04.wav,5,1,cry
s_Le6PwhssI.wav,5,1,cry
s_vRWkUuPeA.wav,5,1,cry
t-Y3S54tbcU.wav,5,1,cry
t3OQOMjNfu0.wav,5,1,cry
t732HxsTGPU.wav,5,1,cry
t7kdnUhl1ns.wav,5,1,cry
tABG9n1TgS8.wav,5,1,cry
taluMvQMS_Y.wav,5,1,cry
tbEuTobOpcA.wav,5,1,cry
tcei3DIgaEA.wav,5,1,cry
tdc3rIR0e8g.wav,5,1,cry
tfJ0hoDx7L0.wav,5,1,cry
tf_4RIp_TBE.wav,5,1,cry
tGCVPlGzaS8.wav,5,1,cry
tHO4W3a3FoA.wav,5,1,cry
tIBJZSVtZxA.wav,5,1,cry
tkF7y3W37aU.wav,5,1,cry
tl0tKhdyWEw.wav,5,1,cry
tlZku-U0-GY.wav,5,1,cry
tn3klWz00HI.wav,5,1,cry
tnfxB-rgfno.wav,5,1,cry
tPZ-Kz8Ebl0.wav,5,1,cry
tS5A3BZJDsw.wav,5,1,cry
tTNZ9K424e4.wav,5,1,cry
ttUpY0k9ev8.wav,5,1,cry
tupFX4EzPn8.wav,5,1,cry
tVQ4CFGbMM4.wav,5,1,cry
tWnsV2cBJmE.wav,5,1,cry
tXS2_n_JwU4.wav,5,1,cry
u1JsqoAO4og.wav,5,1,cry
uA1cC6rIxpU.wav,5,1,cry
ua3YIcXTzwQ.wav,5,1,cry
ueZuSVRInZs.wav,5,1,cry
uFG9Dwn7dlc.wav,5,1,cry
UFGtNyE9nL0.wav,5,1,cry
uhqD4PsQuLo.wav,5,1,cry
UhXKXjckLyY.wav,5,1,cry
uie6I85upPM.wav,5,1,cry
ukYxup7z_HI.wav,5,1,cry
ulWNsTCylJU.wav,5,1,cry
unNFtr1dYuM.wav,5,1,cry
uWJjUS8_pbI.wav,5,1,cry
uWvRri0oC8w.wav,5,1,cry
uXWaC53QTuk.wav,5,1,cry
uzQrr8MCFsw.wav,5,1,cry
v0l_NfeLy_A.wav,5,1,cry
v7Pz4dWmggg.wav,5,1,cry
vAoGiEm2b0o.wav,5,1,cry
vBeI4j_kJro.wav,5,1,cry
vBuUJQ0HB5k.wav,5,1,cry
vDX89bh4mRo.wav,5,1,cry
vgnnQJ5KLEs.wav,5,1,cry
vI5BrQ3R79A.wav,5,1,cry
vk0CEgGpAIM.wav,5,1,cry
vmRoywhXOU8.wav,5,1,cry
vnMU6WrkwaA.wav,5,1,cry
voTs1odFCAI.wav,5,1,cry
vqg90YGubJo.wav,5,1,cry
vrGvYMQ16tM.wav,5,1,cry
vT1lxnmHOIw.wav,5,1,cry
vWypE7LFG58.wav,5,1,cry
vx0JCnlZtig.wav,5,1,cry
vXifuV0jPRo.wav,5,1,cry
vZMN4vXIIPc.wav,5,1,cry
w0KD14HKHJ8.wav,5,1,cry
w1RONJv_a9Y.wav,5,1,cry
w8r-p6xJ7rU.wav,5,1,cry
wa7r71MnPeg.wav,5,1,cry
wBNm326B_9E.wav,5,1,cry
wfXAJlPUmUc.wav,5,1,cry
wGc2bK376K0.wav,5,1,cry
wGTM2tePU5I.wav,5,1,cry
wI4T4x-KIVs.wav,5,1,cry
wIirouK6kH4.wav,5,1,cry
wo3H-up_VfA.wav,5,1,cry
wq1Euwljzmg.wav,5,1,cry
wqNVDvd7FNo.wav,5,1,cry
rnt0eayAr_Y.wav,5,0,laugh
RUc-MEYCgus.wav,5,0,laugh
Rvd3kZDrTss.wav,5,0,laugh
RWLNxj6qGUs.wav,5,0,laugh
RZUUESPZlB8.wav,5,0,laugh
S-AKvTAmWsM.wav,5,0,laugh
s0qnjhHcsuQ.wav,5,0,laugh
S3fEZiduxX4.wav,5,0,laugh
scEj_D7lm58.wav,5,0,laugh
sDLR9cKIjU4.wav,5,0,laugh
sdmRW5UmmNk.wav,5,0,laugh
SfkLZAzEWHs.wav,5,0,laugh
SHA0im4Hv4I.wav,5,0,laugh
sLUnaPT5gM8.wav,5,0,laugh
sM_GgmCj5LA.wav,5,0,laugh
Sq3WO8tTndI.wav,5,0,laugh
SRnppAZ90fY.wav,5,0,laugh
sRT68j4VIW0.wav,5,0,laugh
SuHiI-nCkZU.wav,5,0,laugh
SXJg7njeocc.wav,5,0,laugh
SyHxYHBIt5o.wav,5,0,laugh
s_9TqVhYqj4.wav,5,0,laugh
S_NCgPE3dvw.wav,5,0,laugh
t2vtCURoUo8.wav,5,0,laugh
T9BSxYTglUw.wav,5,0,laugh
tNABGedFgzQ.wav,5,0,laugh
TOmu9IUtiso.wav,5,0,laugh
tO_j4tdLRaA.wav,5,0,laugh
TpRab34hFKM.wav,5,0,laugh
Ts8fgy1LuUI.wav,5,0,laugh
TSY1vnYIZ1M.wav,5,0,laugh
u-eJ6nSUQQc.wav,5,0,laugh
U-vFWXy408E.wav,5,0,laugh
uBjF8EEZxQ8.wav,5,0,laugh
ubqJfhE0u0w.wav,5,0,laugh
UdeaxjtefbQ.wav,5,0,laugh
udjpvALBE04.wav,5,0,laugh
uG7cz8t01x8.wav,5,0,laugh
UOJFL-fXvEM.wav,5,0,laugh
UpoCeInWowY.wav,5,0,laugh
UtJlZdqvqoQ.wav,5,0,laugh
UyAs6ENFCFo.wav,5,0,laugh
Uybtn8LcMXY.wav,5,0,laugh
V3qvoqvuUSI.wav,5,0,laugh
V3sCaAIW6ZY.wav,5,0,laugh
v62b9YD7qj8.wav,5,0,laugh
v7twJdsAHSk.wav,5,0,laugh
VC9Zj1xf_Zc.wav,5,0,laugh
VeFQXpzZhwY.wav,5,0,laugh
VEos_Z3Emvs.wav,5,0,laugh
Vfx-UtTBC4Y.wav,5,0,laugh
vGxPJj48jxc.wav,5,0,laugh
vI1CLG1bUuY.wav,5,0,laugh
vMSjr7OtlzI.wav,5,0,laugh
VPWDdoixoVI.wav,5,0,laugh
W1LTDi-xsxw.wav,5,0,laugh
W5QwHjHf7fc.wav,5,0,laugh
W74YezK2mgs.wav,5,0,laugh
WCeiVNDg4pY.wav,5,0,laugh
WH1tc2FKVv4.wav,5,0,laugh
WiG5VdbqDMs.wav,5,0,laugh
WJyXXaDgi4A.wav,5,0,laugh
wme6b2TL0as.wav,5,0,laugh
WnrS8oyJZ5A.wav,5,0,laugh
WOOjZkvFNUc.wav,5,0,laugh
wPUzOZouREo.wav,5,0,laugh
wQQAw_CXSso.wav,5,0,laugh
wrN9Ilq3H74.wav,5,0,laugh
WT4kmbYODYc.wav,5,0,laugh
wVNJSvcTRGM.wav,5,0,laugh
wwL7m3SjdUM.wav,5,0,laugh
Wy4pGheJyYM.wav,5,0,laugh
x6bWE1lvz-4.wav,5,0,laugh
xAAaxSwsE5g.wav,5,0,laugh
XfYs2pF5W9M.wav,5,0,laugh
XJDq-e8g0W4.wav,5,0,laugh
XKi2-b3YrWY.wav,5,0,laugh
XLCQOcLA8YQ.wav,5,0,laugh
xotCDoHd2EU.wav,5,0,laugh
xpvTPSuE50M.wav,5,0,laugh
XSGwkD6RqCI.wav,5,0,laugh
xVtgBcbyLJk.wav,5,0,laugh
XweZLPzhovE.wav,5,0,laugh
xwoTcwpQ1N8.wav,5,0,laugh
wRGv117BK3o.wav,6,1,cry
wRTbswBmGiQ.wav,6,1,cry
wVLgovBQkrM.wav,6,1,cry
wvQzBAxUMy0.wav,6,1,cry
wWkPPRbPaL8.wav,6,1,cry
wyllXV6PjKo.wav,6,1,cry
wz3xi_Vihy8.wav,6,1,cry
x420lXvMz3k.wav,6,1,cry
x4vzp0wSJqI.wav,6,1,cry
x6VFsau-0Nw.wav,6,1,cry
xaeIE50mxS0.wav,6,1,cry
xeWTe7ykBCE.wav,6,1,cry
xgrYvjK77yI.wav,6,1,cry
xhmRY9yhC7c.wav,6,1,cry
xHqCygsT_lA.wav,6,1,cry
xIvYFYbtR-I.wav,6,1,cry
xjiXiE65VMc.wav,6,1,cry
xL_wHe825Zs.wav,6,1,cry
xNnfvnb0H90.wav,6,1,cry
xOG2m8bJA7I.wav,6,1,cry
xoIJFqxONr0.wav,6,1,cry
xoNnUSpKY4o.wav,6,1,cry
xPSoV3Vg7IY.wav,6,1,cry
xQD5gPu_IQM.wav,6,1,cry
xs5F94XAHxo.wav,6,1,cry
xS7Hk6ey7UE.wav,6,1,cry
xudNSuEzXNg.wav,6,1,cry
xuyWb2meSnA.wav,6,1,cry
xw5cmiqbaUg.wav,6,1,cry
xyIcscTWV98.wav,6,1,cry
XZ5oHxjfHKY.wav,6,1,cry
xzQVB8VmGJk.wav,6,1,cry
y-8h7ozmWSA.wav,6,1,cry
y00clhaAAx8.wav,6,1,cry
y2FS1-s7tdI.wav,6,1,cry
y4M1owqQmdQ.wav,6,1,cry
y8GaaF7mhRw.wav,6,1,cry
y8ygbv6QWWw.wav,6,1,cry
yBksF4L5Ics.wav,6,1,cry
ycvosxNVZ1M.wav,6,1,cry
yHVMl2s5_O0.wav,6,1,cry
yk-sTqQLSKQ.wav,6,1,cry
yKA_s14-HkU.wav,6,1,cry
yn332l7pzSY.wav,6,1,cry
yngtCM1lnec.wav,6,1,cry
ypKnqQxNGqc.wav,6,1,cry
yQgaxnNyOGU.wav,6,1,cry
yqPf3KrIr3I.wav,6,1,cry
yqTyDQjwtRQ.wav,6,1,cry
yR8okplTVXQ.wav,6,1,cry
yrfnBUWT5Yk.wav,6,1,cry
yRqDlzEtGcY.wav,6,1,cry
YUhIbX0xn_E.wav,6,1,cry
y_OyLW9lBXU.wav,6,1,cry
z0cbtHEg-4s.wav,6,1,cry
z15CKEUxkEg.wav,6,1,cry
z2zEWmVWtbI.wav,6,1,cry
z4J18WoKKVA.wav,6,1,cry
Z5wu71zydKE.wav,6,1,cry
z6lN92rv0WI.wav,6,1,cry
z7a96h6WSCw.wav,6,1,cry
zdLgYGBB_4Y.wav,6,1,cry
ze9FFB3LRpc.wav,6,1,cry
zliInBdC98Y.wav,6,1,cry
zM08Epg0XoE.wav,6,1,cry
zo6g0UvoQyU.wav,6,1,cry
Zod0m8VClJA.wav,6,1,cry
zOt0JjGsKXk.wav,6,1,cry
zQpPfONDPXs.wav,6,1,cry
zrBhzqGVaas.wav,6,1,cry
zSaRr8QJriQ.wav,6,1,cry
ztSjcZNUY7A.wav,6,1,cry
zuK8Yvc0Yhs.wav,6,1,cry
zXy8ajwOuZo.wav,6,1,cry
zYTaDJ4xy3U.wav,6,1,cry
zzgkr5GaR4Y.wav,6,1,cry
z_aPBS25jOo.wav,6,1,cry
XXAAElWesTk.wav,6,0,laugh
xzorNmYV7LU.wav,6,0,laugh
y-1TFoQcdHk.wav,6,0,laugh
y-buftBOpUk.wav,6,0,laugh
Y6EVXFZJUTY.wav,6,0,laugh
Y6Gkctmbzdk.wav,6,0,laugh
y7G-meRcLlY.wav,6,0,laugh
Y93DPiQQ0Ak.wav,6,0,laugh
Y9YhG2CFTz0.wav,6,0,laugh
YAsmflDVkjo.wav,6,0,laugh
yB4XQ81oqsQ.wav,6,0,laugh
yHrDUJFXxjY.wav,6,0,laugh
ykF2Y10yDD0.wav,6,0,laugh
ynL90jNXYms.wav,6,0,laugh
ynnk1RDuVb4.wav,6,0,laugh
YQ1lQhfKcQI.wav,6,0,laugh
YtQca0owcNU.wav,6,0,laugh
ytTT_HJeoOo.wav,6,0,laugh
Yvpz4sG6nOU.wav,6,0,laugh
yZ4Z2WZ5efw.wav,6,0,laugh
y_uo-3ZqLTg.wav,6,0,laugh
z-ehTdI9hkk.wav,6,0,laugh
Z4swZ90lbGY.wav,6,0,laugh
z9yGS9HKGsQ.wav,6,0,laugh
zeYOrryTz-0.wav,6,0,laugh
ZfGHwS5ZcqY.wav,6,0,laugh
Zgpcz4Fj_BI.wav,6,0,laugh
ZhvjWWCedpw.wav,6,0,laugh
zig_k426lYs.wav,6,0,laugh
ziTvM--T_DA.wav,6,0,laugh
ZKzgWTBynqw.wav,6,0,laugh
zl90uE4R5q0.wav,6,0,laugh
ZOSpU3MHnOc.wav,6,0,laugh
ZqDZsbL-TlM.wav,6,0,laugh
zqUttot9sJE.wav,6,0,laugh
zSXCcna0bic.wav,6,0,laugh
zsZr_xJ7ECQ.wav,6,0,laugh
Zu7BkwOJptk.wav,6,0,laugh
Zyd4E6_gMo8.wav,6,0,laugh
